,Africa,Asia,Europe,North America,Oceania,South America
const,1190.5697826697797,-141352.4506859114,-253696.2285740145,-28582.90369819317,-56008.52259245048,-42622.945452596854
life_expectancy,14.007166422390206,1825.2396684493424,2307.2207501330045,363.9411618950255,1147.6978634469415,558.7449357938345
internet_users,65.75787871576304,228.3539214789206,1449.3488035327919,442.52260083451284,289.2020124104437,207.55913960850637
fertility,-472.57384235584095,4524.602836467648,-7724.238642312874,-4965.543029736713,-8845.089504900901,3050.2732990747754
unemployment,33.13106915520904,-911.6114087479175,-851.4925833336226,38.53658461988465,168.43107748523656,-357.36287167930834
urban_population_growth,112.68557828052673,123.89500695531724,7318.164724225952,-360.0431801661898,1876.1958264032787,-5976.0740749740235
